{
  "status": "complete",
  "message": "Analysis complete! Report generated.",
  "changes_proposed": 7,
  "changes_approved": 6,
  "changes_rejected": 1,
  "changes": [
    {
      "id": 1,
      "agent": "energy_optimization_agent",
      "system": "HVAC",
      "action": "Adjust zone temperature setpoints to optimize energy usage",
      "reason": "Current settings show potential inefficiencies in temperature distribution",
      "status": "verified",
      "timestamp": "2025-04-29 12:35:29"
    },
    {
      "id": 2,
      "agent": "energy_optimization_agent",
      "system": "Lighting",
      "action": "Implement daylight harvesting in perimeter zones",
      "reason": "Natural light is underutilized, leading to excess energy consumption",
      "status": "verified",
      "timestamp": "2025-04-29 12:35:29"
    },
    {
      "id": 3,
      "agent": "predictive_maintenance_agent",
      "system": "Chiller",
      "action": "Schedule immediate inspection of bearing assembly",
      "reason": "Vibration analysis indicates early signs of bearing wear",
      "status": "verified",
      "timestamp": "2025-04-29 12:35:29"
    },
    {
      "id": 4,
      "agent": "predictive_maintenance_agent",
      "system": "Air Handling Unit",
      "action": "Replace filter media and clean coils",
      "reason": "Pressure differential indicates restricted airflow",
      "status": "verified",
      "timestamp": "2025-04-29 12:35:29"
    },
    {
      "id": 5,
      "agent": "safety_compliance_agent",
      "system": "Emergency Lighting",
      "action": "Replace failed backup batteries in east wing",
      "reason": "Monthly test showed insufficient emergency runtime",
      "status": "verified",
      "timestamp": "2025-04-29 12:35:29"
    },
    {
      "id": 6,
      "agent": "safety_compliance_agent",
      "system": "CO2 Monitoring",
      "action": "Recalibrate sensors in conference rooms",
      "reason": "Readings show inconsistent values compared to portable verification equipment",
      "status": "verified",
      "timestamp": "2025-04-29 12:35:29"
    },
    {
      "id": 7,
      "agent": "energy_optimization_agent",
      "system": "Solar Panel Array",
      "action": "Increase panel tilt angle by 15 degrees",
      "reason": "Might improve winter performance",
      "status": "rejected",
      "timestamp": "2025-04-29 12:35:29"
    }
  ],
  "report_path": "building_analysis_20250429_123529.pdf",
  "transcript_path": "conversation_transcript_20250429_123530.pdf"
}